state	year	sum(adj_mortality)
United States	2015	903.618354292975
United States	2016	894.0726452061416
United States	2017	902.3253013035034
United States	2018	893.9743994140161
United States	2019	882.5169939530617
United States	2020	1023.8060488362843
United States	2021	1033.706435172498
United States	2022	131.66090595487782
