state	year	sum(adj_mortality)
United States	2015	903.6183542929754
United States	2016	894.0726452061416
United States	2017	902.3253013035032
United States	2018	893.9743994140163
United States	2019	882.5169939530621
United States	2020	1011.6247586800669
United States	2021	1041.7180353911158
United States	2022	484.7481837699332
