state	year	sum(adj_mortality)
United States	2015	137.0890375659736
United States	2016	127.58082736635538
United States	2017	133.22890015285708
United States	2018	139.8480344326679
United States	2019	126.36936063554137
United States	2020	125.65479428640492
United States	2021	167.17187604725723
United States	2022	131.66090595487782
