state	year	sum(adj_mortality)
United States	2015	155.9487680939052
United States	2016	145.68208426246244
United States	2017	151.97779833459936
United States	2018	158.0973614608497
United States	2019	144.35726819989992
United States	2020	143.42547546140946
United States	2021	187.2762019061251
United States	2022	154.21691163883727
