state	year	sum(adj_mortality)
United States	2015	282.7469494788038
United States	2016	271.1909050624154
United States	2017	278.7911869257035
United States	2018	281.6118379738135
United States	2019	268.46769670488624
United States	2020	279.5725432523327
United States	2021	315.54888146506045
United States	2022	307.4086320904058
