state	year	sum(adj_mortality)
United States	2015	193.4894421562256
United States	2016	182.4316123238649
United States	2017	188.88953868499547
United States	2018	194.01324361268368
United States	2019	180.48144774224136
United States	2020	179.33124084543576
United States	2021	225.13018436066037
United States	2022	217.47056949767853
