state	year	sum(adj_mortality)
United States	2015	300.01929383310517
United States	2016	288.6119170620359
United States	2017	295.85461512219126
United States	2018	298.66580151559225
United States	2019	285.3559237841002
United States	2020	302.74169855068556
United States	2021	333.713429881
United States	2022	325.1567830468307
