state	year	max_week	sum(adj_mortality)
United States	2015	18	334.52105937938165
United States	2016	18	322.15560560058566
United States	2017	18	329.93070222131587
United States	2018	18	332.5879961375715
United States	2019	18	318.74034541029414
United States	2020	18	345.94125617177997
United States	2021	18	369.52067294910904
United States	2022	18	373.53934514398975
