state	year	max_week	sum(adj_mortality)
United States	2015	19	351.47234931353506
United States	2016	19	338.8637893882139
United States	2017	19	346.65237490500294
United States	2018	19	349.0252611067023
United States	2019	19	335.32530325374717
United States	2020	19	366.09594164607427
United States	2021	19	387.1473986350661
United States	2022	19	391.84025090166165
