state	year	max_week	sum(adj_mortality)
United States	2015	25	450.5667708453287
United States	2016	25	437.1744515004479
United States	2017	25	445.7301183957555
United States	2018	25	445.9270802832488
United States	2019	25	433.9749032451233
United States	2020	25	474.9118767388298
United States	2021	25	491.075539853877
United States	2022	25	484.7481837699332
