state	year	sum(adj_mortality)
United States	2015	903.6183542929754
United States	2016	894.0726452061416
United States	2017	902.3253013035032
United States	2018	893.9743994140163
United States	2019	882.5169939530621
United States	2020	1011.6247586800669
United States	2021	1042.066339635295
United States	2022	391.84025090166165
