state	year	sum(adj_mortality)
United States	2015	247.3848345357065
United States	2016	235.94267282812388
United States	2017	243.40004096427467
United States	2018	246.73038563516636
United States	2019	233.70555661395258
United States	2020	233.90572369266445
United States	2021	279.3511519778717
United States	2022	270.97154542953166
