state	year	sum(adj_mortality)
United States	2015	265.05380145990756
United States	2016	253.66076039239
United States	2017	261.1425556247858
United States	2018	264.1811140820884
United States	2019	251.25506091820745
United States	2020	255.71319412890043
United States	2021	297.7395672220337
United States	2022	289.4072622575385
