state	year	max_week	sum(adj_mortality)
United States	2015	17	317.24497478101864
United States	2016	17	305.3516050808746
United States	2017	17	312.9945678016896
United States	2018	17	315.62714334744527
United States	2019	17	301.99415933666234
United States	2020	17	325.03755352600547
United States	2021	17	351.729738082289
United States	2022	17	355.0020137953553
