state	year	sum(adj_mortality)
United States	2015	317.24497478101864
United States	2016	305.35160508087455
United States	2017	312.99456780168964
United States	2018	315.62714334744527
United States	2019	301.9941593366624
United States	2020	325.0375535260055
United States	2021	351.7297380822889
United States	2022	342.60996253494045
